<?xml version="1.0" encoding="utf-8" standalone="yes"?>
<rss version="2.0" xmlns:atom="http://www.w3.org/2005/Atom">
  <channel>
    <title>Categories on chizuchizu.com</title>
    <link>https://chizu-com.web.app/categories/</link>
    <description>Recent content in Categories on chizuchizu.com</description>
    <generator>Hugo -- gohugo.io</generator>
    <language>ja-jp</language>
    
	<atom:link href="https://chizu-com.web.app/categories/index.xml" rel="self" type="application/rss+xml" />
    
    
  </channel>
</rss>